poem_id	gpt-3.5-turbo	gpt-4	gpt-4-turbo	gpt-4o	call_type
0001.txt	1700.0997066497803				humor
0002.txt	1409.56711769104				humor
0003.txt	1596.7462062835693				humor
0004.txt	1523.7812995910645				humor
0005.txt	1254.6992301940918				humor
