poem_id	gpt-3.5-turbo	gpt-4	gpt-4-turbo	gpt-4o	call_type
0001	1294.0828800201416				humor
0001	1739.7353649139404				continuation
0001	609.86328125				author
