poem_id	gpt-3.5-turbo	gpt-4	gpt-4-turbo	gpt-4o	call_type
1	4107.000827789307			4733.794927597046	humor
1	1749.680757522583			2920.6626415252686	continuation
1	658.4646701812744			799.6528148651123	author
